date,brent_open,brent_high,brent_low,brent_close,brent_close_daily_pct
2023-01-01,,,,,
2023-01-02,,,,,
2023-01-03,85.96,87.0,81.78,82.1,
2023-01-04,82.31,82.72,77.72,77.84,-5.188794153471365
2023-01-05,78.16,79.97,77.61,78.69,1.0919835560123214
2023-01-06,78.8,80.59,78.05,78.57,-0.1524971406786202
2023-01-07,,,,,
2023-01-08,,,,,
2023-01-09,78.42,81.37,78.42,79.65,1.3745704467354125
2023-01-10,79.54,80.89,78.81,80.1,0.5649717514124131
2023-01-11,79.52,83.0,79.31,82.67,3.208489388264679
2023-01-12,82.88,84.62,82.37,84.03,1.6450949558485473
2023-01-13,83.91,85.5,83.5,85.28,1.4875639652505157
2023-01-14,,,,,
2023-01-15,,,,,
2023-01-16,85.36,85.59,83.83,84.46,-0.9615384615384692
2023-01-17,84.2,86.82,84.04,85.92,1.728628936774812
2023-01-18,86.45,87.85,84.36,84.98,-1.0940409683426466
2023-01-19,84.34,86.85,83.76,86.16,1.3885620145916544
2023-01-20,86.42,87.79,85.58,87.63,1.706128133704743
2023-01-21,,,,,
2023-01-22,,,,,
2023-01-23,87.7,89.09,86.92,88.19,0.6390505534634272
2023-01-24,88.07,88.71,85.8,86.13,-2.3358657444154662
2023-01-25,86.42,87.07,85.5,86.19,0.06966213862766857
2023-01-26,86.45,87.99,85.77,87.28,1.264647870982727
2023-01-27,87.49,88.63,85.52,86.4,-1.0082493125572856
2023-01-28,,,,,
2023-01-29,,,,,
2023-01-30,86.81,87.28,84.26,84.5,-2.199074074074081
2023-01-31,84.62,85.79,83.16,85.46,1.1360946745561984
2023-02-01,85.56,86.21,82.37,82.84,-3.065761759887653
2023-02-02,83.34,83.61,81.25,82.17,-0.8087880251086421
2023-02-03,82.27,84.2,79.62,79.94,-2.7138858464159754
2023-02-04,,,,,
2023-02-05,,,,,
2023-02-06,79.61,81.43,79.1,80.99,1.3134851138353776
2023-02-07,81.26,84.13,81.19,83.69,3.333744906778624
2023-02-08,84.11,85.15,83.51,85.09,1.6728402437567347
2023-02-09,84.96,85.5,83.05,84.5,-0.6933834763191982
2023-02-10,84.22,86.9,83.93,86.39,2.2366863905325385
2023-02-11,,,,,
2023-02-12,,,,,
2023-02-13,86.51,86.95,85.1,86.61,0.2546591040629709
2023-02-14,85.83,86.42,84.13,85.58,-1.1892391178847772
2023-02-15,85.2,85.85,83.88,85.38,-0.23369946249124363
2023-02-16,85.27,86.21,84.6,85.14,-0.28109627547434624
2023-02-17,84.6,84.87,81.8,83.0,-2.513507164669959
2023-02-18,,,,,
2023-02-19,,,,,
2023-02-20,83.15,84.3,82.73,84.07,1.2891566265060161
2023-02-21,83.86,84.2,82.56,83.05,-1.2132746520756466
2023-02-22,82.5,82.96,80.3,80.45,-3.130644190246834
2023-02-23,80.31,82.46,80.25,81.95,1.864512119328765
2023-02-24,82.33,83.09,80.75,82.82,1.0616229408175526
2023-02-25,,,,,
2023-02-26,,,,,
2023-02-27,82.85,83.25,81.4,82.04,-0.9418014972228828
2023-02-28,82.0,83.99,81.84,83.45,1.7186738176499183
2023-03-01,83.05,84.49,82.61,84.31,1.0305572198921586
2023-03-02,84.31,85.1,83.83,84.75,0.5218835250859977
2023-03-03,84.61,86.0,82.36,85.83,1.2743362831858285
2023-03-04,,,,,
2023-03-05,,,,,
2023-03-06,85.83,86.35,84.34,86.18,0.4077828265175443
2023-03-07,86.23,86.75,82.83,83.29,-3.35344627523787
2023-03-08,83.03,83.59,82.06,82.66,-0.7563933245287702
2023-03-09,82.55,84.0,81.42,81.59,-1.2944592305831004
2023-03-10,81.47,83.11,80.73,82.78,1.458512072557916
2023-03-11,,,,,
2023-03-12,,,,,
2023-03-13,82.6,83.48,78.34,80.77,-2.4281227349601364
2023-03-14,80.54,80.92,76.89,77.45,-4.110437043456717
2023-03-15,77.82,78.73,71.67,73.69,-4.85474499677212
2023-03-16,74.3,75.54,71.86,74.7,1.3706065951961
2023-03-17,74.7,75.92,71.4,72.97,-2.3159303882195448
2023-03-18,,,,,
2023-03-19,,,,,
2023-03-20,73.01,73.87,70.12,73.79,1.1237494860901753
2023-03-21,73.64,75.42,72.82,75.32,2.0734516872204622
2023-03-22,75.15,77.12,74.5,76.69,1.8189060010621372
2023-03-23,75.87,77.44,75.12,75.91,-1.0170817577259128
2023-03-24,75.53,76.32,72.68,74.99,-1.211961533394812
2023-03-25,,,,,
2023-03-26,,,,,
2023-03-27,74.62,78.0,74.39,77.76,3.693825843445797
2023-03-28,77.83,78.7,77.09,78.14,0.4886831275720205
2023-03-29,78.47,79.0,77.31,77.59,-0.7038648579472673
2023-03-30,77.48,78.85,77.18,78.6,1.301714138419885
2023-03-31,78.47,79.95,77.84,79.89,1.6412213740458093
2023-04-01,,,,,
2023-04-02,,,,,
2023-04-03,86.0,86.44,83.5,84.93,6.308674427337602
2023-04-04,84.89,86.04,83.82,84.94,0.011774402449060695
2023-04-05,85.22,85.54,84.01,84.99,0.058865081233805405
2023-04-06,84.89,85.45,84.05,85.12,0.15295917166726625
2023-04-07,,,,,
2023-04-08,,,,,
2023-04-09,,,,,
2023-04-10,85.1,85.66,84.09,84.18,-1.1043233082706716
2023-04-11,84.24,85.67,83.75,85.61,1.6987407935376453
2023-04-12,85.59,87.49,85.39,87.33,2.009111085153603
2023-04-13,87.19,87.47,86.05,86.09,-1.4199015229588885
2023-04-14,86.18,86.87,85.53,86.31,0.2555465210825947
2023-04-15,,,,,
2023-04-16,,,,,
2023-04-17,86.43,86.52,84.34,84.76,-1.7958521608156586
2023-04-18,84.74,85.41,83.81,84.77,0.011798017932984628
2023-04-19,84.9,85.15,82.39,83.12,-1.946443317211266
2023-04-20,82.75,82.92,80.77,81.1,-2.4302213666987593
2023-04-21,80.79,82.05,80.45,81.66,0.6905055487053113
2023-04-22,,,,,
2023-04-23,,,,,
2023-04-24,81.67,82.8,80.3,82.54,1.0776389909380457
2023-04-25,82.39,82.88,80.21,80.6,-2.3503755754785693
2023-04-26,80.71,81.36,77.5,77.72,-3.573200992555825
2023-04-27,77.88,78.55,77.36,78.22,0.6433350488934675
2023-04-28,78.27,80.53,77.51,80.33,2.6975198159038705
2023-04-29,,,,,
2023-04-30,,,,,
2023-05-01,80.11,80.24,78.13,79.31,-1.269762230797955
2023-05-02,79.28,79.78,75.07,75.32,-5.030891438658436
2023-05-03,75.31,75.58,71.7,72.33,-3.9697291556027525
2023-05-04,71.28,73.72,71.28,72.5,0.23503387252870045
2023-05-05,72.69,75.75,72.41,75.3,3.86206896551724
2023-05-06,,,,,
2023-05-07,,,,,
2023-05-08,75.23,77.43,74.95,77.01,2.270916334661366
2023-05-09,76.71,77.5,75.07,77.44,0.5583690429814103
2023-05-10,77.36,77.6,75.68,76.41,-1.3300619834710758
2023-05-11,76.62,77.41,74.61,74.98,-1.871482790210699
2023-05-12,75.35,75.85,74.03,74.17,-1.0802880768204903
2023-05-13,,,,,
2023-05-14,,,,,
2023-05-15,74.15,75.75,73.49,75.23,1.4291492517190196
2023-05-16,75.55,75.95,74.5,74.91,-0.42536222251762235
2023-05-17,74.67,77.31,74.1,76.96,2.736617274062203
2023-05-18,76.78,76.99,75.5,75.86,-1.4293139293139245
2023-05-19,76.03,77.5,75.12,75.58,-0.3691009754811514
2023-05-20,,,,,
2023-05-21,,,,,
2023-05-22,75.63,76.46,74.55,75.99,0.542471553320989
2023-05-23,76.15,77.74,75.65,76.84,1.1185682326622093
2023-05-24,77.7,78.66,77.03,78.36,1.9781363872982682
2023-05-25,78.21,78.39,75.05,76.18,-2.782031648800398
2023-05-26,76.01,77.32,75.66,76.98,1.050144394854291
2023-05-27,,,,,
2023-05-28,,,,,
2023-05-29,77.42,77.83,76.16,77.1,0.1558846453624252
2023-05-30,77.04,77.59,73.32,73.71,-4.3968871595330805
2023-05-31,73.84,73.95,71.5,72.6,-1.505901505901508
2023-06-01,72.15,75.25,72.03,74.28,2.3140495867768784
2023-06-02,74.28,76.5,74.18,76.13,2.490576198169081
2023-06-03,,,,,
2023-06-04,,,,,
2023-06-05,77.68,78.73,76.31,76.71,0.7618547221857286
2023-06-06,76.55,76.75,74.72,76.29,-0.5475166210402671
2023-06-07,76.22,77.64,75.51,76.95,0.8651199370821816
2023-06-08,76.8,77.68,73.58,75.96,-1.2865497076023469
2023-06-09,75.53,76.57,74.71,74.79,-1.5402843601895588
2023-06-10,,,,,
2023-06-11,,,,,
2023-06-12,74.87,74.87,71.58,71.84,-3.9443775905869782
2023-06-13,72.11,74.66,71.94,74.29,3.410356347438759
2023-06-14,74.05,75.49,73.03,73.2,-1.4672230448243395
2023-06-15,73.41,75.97,72.91,75.67,3.374316939890698
2023-06-16,75.64,76.74,75.08,76.61,1.2422360248447228
2023-06-17,,,,,
2023-06-18,,,,,
2023-06-19,76.4,76.93,75.34,76.09,-0.6787625636339834
2023-06-20,76.12,77.15,74.51,75.9,-0.24970429754238577
2023-06-21,75.54,77.24,75.52,77.12,1.607378129117265
2023-06-22,77.03,77.2,73.59,74.14,-3.864107883817436
2023-06-23,74.02,74.44,72.11,73.85,-0.391151874831408
2023-06-24,,,,,
2023-06-25,,,,,
2023-06-26,74.6,75.0,73.61,74.35,0.677048070413
2023-06-27,74.45,75.08,72.33,72.51,-2.4747814391391953
2023-06-28,72.69,74.42,71.86,74.24,2.3858778099572264
2023-06-29,73.95,75.15,73.57,74.51,0.3636853448276023
2023-06-30,74.33,75.84,74.28,75.41,1.2078915581801075
2023-07-01,,,,,
2023-07-02,,,,,
2023-07-03,75.11,76.6,74.56,74.65,-1.0078238960349983
2023-07-04,74.89,76.29,74.74,76.25,2.1433355659745468
2023-07-05,76.03,76.95,75.3,76.65,0.5245901639344241
2023-07-06,76.7,77.09,75.03,76.52,-0.16960208741031435
2023-07-07,76.52,78.54,76.03,78.47,2.5483533716675444
2023-07-08,,,,,
2023-07-09,,,,,
2023-07-10,78.6,78.77,77.36,77.69,-0.9940104498534441
2023-07-11,77.82,79.5,77.63,79.4,2.2010554768953527
2023-07-12,79.32,80.55,79.21,80.11,0.8942065491183815
2023-07-13,80.19,81.75,79.88,81.36,1.560354512545259
2023-07-14,81.64,81.7,79.53,79.87,-1.8313667649950793
2023-07-15,,,,,
2023-07-16,,,,,
2023-07-17,79.36,80.64,78.25,78.5,-1.715287341930638
2023-07-18,78.52,79.99,78.19,79.63,1.43949044585987
2023-07-19,79.84,80.93,79.17,79.46,-0.21348737912847415
2023-07-20,79.33,80.27,78.66,79.64,0.22652907123081878
2023-07-21,79.78,81.24,79.65,81.07,1.7955801104972302
2023-07-22,,,,,
2023-07-23,,,,,
2023-07-24,80.95,83.16,80.42,82.74,2.0599481929197028
2023-07-25,82.6,83.47,81.94,83.25,0.6163886874546831
2023-07-26,82.8,83.43,82.2,82.56,-0.8288288288288315
2023-07-27,82.78,84.09,82.59,83.79,1.4898255813953432
2023-07-28,83.28,84.5,82.85,84.41,0.739945100847339
2023-07-29,,,,,
2023-07-30,,,,,
2023-07-31,84.42,85.58,83.91,85.43,1.208387631797203
2023-08-01,85.24,85.91,84.21,84.91,-0.6086854734870806
2023-08-02,85.86,85.99,82.74,83.2,-2.0138970674832057
2023-08-03,83.46,85.41,82.36,85.14,2.3317307692307665
2023-08-04,85.31,86.65,85.06,86.24,1.2919896640826822
2023-08-05,,,,,
2023-08-06,,,,,
2023-08-07,86.23,86.73,85.03,85.34,-1.043599257884964
2023-08-08,85.79,86.34,83.32,86.17,0.9725802671666228
2023-08-09,86.0,87.65,85.91,87.55,1.6014854357665032
2023-08-10,87.39,88.1,86.2,86.4,-1.3135351227869685
2023-08-11,86.37,87.35,85.84,86.81,0.4745370370370372
2023-08-12,,,,,
2023-08-13,,,,,
2023-08-14,86.53,86.71,85.5,86.21,-0.6911646123718529
2023-08-15,86.12,86.68,84.29,84.89,-1.5311448787843518
2023-08-16,85.2,85.36,83.13,83.45,-1.696312875485917
2023-08-17,83.2,84.88,83.05,84.12,0.8028759736369073
2023-08-18,83.88,85.08,83.33,84.8,0.8083689966714047
2023-08-19,,,,,
2023-08-20,,,,,
2023-08-21,84.8,85.86,84.31,84.46,-0.4009433962264164
2023-08-22,84.46,84.66,83.85,84.03,-0.5091167416528486
2023-08-23,83.99,84.26,81.94,83.21,-0.9758419612043379
2023-08-24,82.95,83.62,81.97,83.36,0.1802667948563874
2023-08-25,82.77,84.41,82.18,83.95,0.7077735124760176
2023-08-26,,,,,
2023-08-27,,,,,
2023-08-28,84.24,84.69,83.56,83.87,-0.09529481834424924
2023-08-29,83.82,85.07,83.28,84.91,1.2400143078573844
2023-08-30,85.04,85.68,84.59,85.24,0.38864680249675043
2023-08-31,85.22,86.88,85.08,86.83,1.8653214453308253
2023-09-01,86.82,88.99,86.74,88.55,1.980882183577104
2023-09-02,,,,,
2023-09-03,,,,,
2023-09-04,88.95,89.22,88.26,89.0,0.5081874647091977
2023-09-05,88.91,91.15,88.06,90.04,1.1685393258427101
2023-09-06,90.12,91.1,89.25,90.6,0.6219458018658308
2023-09-07,90.81,90.89,89.46,89.92,-0.7505518763796792
2023-09-08,89.79,91.02,89.3,90.65,0.811832740213525
2023-09-09,,,,,
2023-09-10,,,,,
2023-09-11,90.83,91.45,90.11,90.64,-0.011031439602871007
2023-09-12,90.62,92.4,90.52,92.06,1.566637246248903
2023-09-13,92.04,92.84,91.63,91.88,-0.19552465783185813
2023-09-14,92.04,94.21,92.02,93.7,1.980844579886809
2023-09-15,94.02,94.63,92.67,93.93,0.24546424759872565
2023-09-16,,,,,
2023-09-17,,,,,
2023-09-18,94.28,94.95,93.79,94.43,0.5323112956457043
2023-09-19,94.66,95.96,94.16,94.34,-0.09530869427089028
2023-09-20,94.49,94.72,92.76,93.53,-0.8585965656137451
2023-09-21,93.08,94.6,92.2,93.3,-0.2459104030792303
2023-09-22,93.37,94.64,92.8,93.27,-0.03215434083601032
2023-09-23,,,,,
2023-09-24,,,,,
2023-09-25,92.39,92.73,91.2,91.88,-1.4902969872413463
2023-09-26,91.87,92.7,90.41,92.43,0.5986068785372334
2023-09-27,92.43,94.8,92.43,94.36,2.0880666450286522
2023-09-28,94.38,95.35,92.75,93.1,-1.335311572700304
2023-09-29,93.07,94.13,91.96,92.2,-0.9667024704618554
2023-09-30,,,,,
2023-10-01,,,,,
2023-10-02,92.18,93.33,90.35,90.71,-1.6160520607375384
2023-10-03,90.4,91.56,89.5,90.92,0.231507000330744
2023-10-04,91.04,91.21,85.75,85.81,-5.620325560932682
2023-10-05,85.88,86.52,83.84,84.07,-2.0277356951404424
2023-10-06,84.49,84.95,83.44,84.58,0.6066373260378288
2023-10-07,,,,,
2023-10-08,,,,,
2023-10-09,86.45,89.0,86.0,88.15,4.220855994324912
2023-10-10,88.17,88.49,86.91,87.65,-0.5672149744753274
2023-10-11,87.72,88.26,85.21,85.82,-2.08784940102682
2023-10-12,85.53,87.64,85.18,86.0,0.20974131903985782
2023-10-13,86.35,91.0,86.28,90.89,5.686046511627918
2023-10-14,,,,,
2023-10-15,,,,,
2023-10-16,90.98,91.39,89.5,89.65,-1.364286500165024
2023-10-17,89.91,91.0,88.88,89.9,0.2788622420524245
2023-10-18,91.25,93.0,90.6,91.5,1.7797552836484876
2023-10-19,91.35,93.48,89.57,92.38,0.9617486338797665
2023-10-20,93.23,93.79,91.66,92.16,-0.23814678501840048
2023-10-21,,,,,
2023-10-22,,,,,
2023-10-23,92.11,92.45,89.62,89.83,-2.528211805555558
2023-10-24,90.47,90.68,87.35,88.07,-1.9592563731492874
2023-10-25,87.16,89.31,85.77,89.12,1.1922334506642596
2023-10-26,88.83,89.27,86.5,87.05,-2.3227109515260413
2023-10-27,87.48,89.43,86.82,89.2,2.4698449167145364
2023-10-28,,,,,
2023-10-29,,,,,
2023-10-30,86.66,87.39,84.77,86.35,-3.195067264574003
2023-10-31,86.66,87.39,84.77,85.02,-1.5402431962941443
2023-11-01,85.45,87.24,84.58,84.63,-0.4587155963302725
2023-11-02,86.92,87.8,84.56,86.85,2.6231832683445644
2023-11-03,84.89,84.89,84.89,84.89,-2.2567645365572764
2023-11-04,,,,,
2023-11-05,,,,,
2023-11-06,85.55,86.46,84.88,85.18,0.3416185652020287
2023-11-07,85.15,85.19,81.4,81.61,-4.191124677154267
2023-11-08,81.4,81.96,79.2,79.54,-2.5364538659477964
2023-11-09,79.7,81.48,79.44,80.01,0.5908976615539352
2023-11-10,79.85,82.06,79.79,81.43,1.7747781527309048
2023-11-11,,,,,
2023-11-12,,,,,
2023-11-13,81.43,82.84,80.41,82.52,1.3385730074910729
2023-11-14,82.71,83.97,82.06,82.47,-0.06059137178865415
2023-11-15,82.39,83.04,80.79,81.18,-1.5642051655147204
2023-11-16,80.98,81.17,76.6,77.42,-4.631682680463179
2023-11-17,77.55,80.81,77.28,80.61,4.120382330147243
2023-11-18,,,,,
2023-11-19,,,,,
2023-11-20,80.3,82.94,79.58,82.32,2.1213248976553745
2023-11-21,82.13,82.54,81.43,82.45,0.1579203109815408
2023-11-22,82.47,82.65,78.41,81.96,-0.5942995755003122
2023-11-23,81.6,81.63,80.19,81.42,-0.658857979502192
2023-11-24,81.25,82.03,80.04,80.48,-1.1545074920166987
2023-11-25,,,,,
2023-11-26,,,,,
2023-11-27,80.16,81.14,79.07,79.87,-0.757952286282304
2023-11-28,80.17,81.97,79.7,81.47,2.0032552898459954
2023-11-29,81.64,82.99,80.72,82.88,1.7306984165950556
2023-11-30,82.62,84.61,80.01,80.86,-2.437258687258681
2023-12-01,80.67,81.54,78.75,78.88,-2.4486767252040575
2023-12-02,,,,,
2023-12-03,,,,,
2023-12-04,79.5,79.72,77.52,78.03,-1.0775862068965414
2023-12-05,78.1,79.09,77.0,77.2,-1.0636934512367024
2023-12-06,77.12,77.65,74.11,74.3,-3.756476683937826
2023-12-07,74.5,75.48,73.6,74.05,-0.3364737550471064
2023-12-08,74.59,76.36,74.2,75.84,2.417285617825793
2023-12-09,,,,,
2023-12-10,,,,,
2023-12-11,75.73,76.5,75.01,76.03,0.25052742616034074
2023-12-12,76.17,76.66,72.86,73.24,-3.669604103643309
2023-12-13,73.26,74.7,72.29,74.26,1.3926815947569837
2023-12-14,74.76,77.35,74.44,76.61,3.164556962025311
2023-12-15,76.66,77.23,75.29,76.55,-0.07831875734238825
2023-12-16,,,,,
2023-12-17,,,,,
2023-12-18,76.8,79.51,75.76,77.95,1.8288700195950414
2023-12-19,78.06,79.67,77.41,79.23,1.6420782552918567
2023-12-20,79.17,80.6,79.07,79.7,0.5932096428120648
2023-12-21,79.04,79.99,77.8,79.16,-0.677540777917196
2023-12-22,79.13,80.1,78.64,78.8,-0.45477513895907373
2023-12-23,,,,,
2023-12-24,,,,,
2023-12-25,,,,,
2023-12-26,78.74,81.45,78.37,80.85,2.601522842639592
2023-12-27,80.57,81.02,79.23,79.54,-1.620284477427325
2023-12-28,79.55,79.87,77.1,77.15,-3.0047774704551222
2023-12-29,77.38,77.98,76.73,77.04,-0.14257939079714843
2023-12-30,,,,,
2023-12-31,,,,,
2024-01-01,,,,,
2024-01-02,77.39,79.06,75.6,75.89,-1.4927310488058176
2024-01-03,76.06,78.67,74.79,78.25,3.109764132296755
2024-01-04,78.56,79.41,76.5,77.59,-0.8434504792332209
2024-01-05,77.71,79.26,77.66,78.76,1.507926279159677
2024-01-06,,,,,
2024-01-07,,,,,
2024-01-08,78.7,78.95,75.26,76.12,-3.3519553072625663
2024-01-09,76.3,78.19,75.95,77.59,1.931161324224906
2024-01-10,77.48,78.73,76.38,76.8,-1.0181724449026985
2024-01-11,76.7,79.1,76.66,77.41,0.7942708333333437
2024-01-12,78.75,80.75,77.96,78.29,1.1368040304870375
2024-01-13,,,,,
2024-01-14,,,,,
2024-01-15,78.14,78.9,76.85,78.15,-0.17882232724485414
2024-01-16,78.43,79.4,77.6,78.29,0.1791426743442015
2024-01-17,77.77,78.19,76.5,77.88,-0.5236939583599609
2024-01-18,78.15,79.3,77.33,79.1,1.5665125834617433
2024-01-19,79.1,79.73,78.32,78.56,-0.6826801517066938
2024-01-20,,,,,
2024-01-21,,,,,
2024-01-22,78.89,80.55,77.81,80.06,1.9093686354378914
2024-01-23,79.92,80.43,78.7,79.55,-0.6370222333250131
2024-01-24,79.56,80.73,79.05,80.04,0.6159648020113151
2024-01-25,79.93,82.07,79.66,81.96,2.398800599700124
2024-01-26,81.91,83.19,80.79,82.95,1.2079062957540465
2024-01-27,,,,,
2024-01-28,,,,,
2024-01-29,83.53,84.17,81.46,81.83,-1.3502109704641385
2024-01-30,82.08,82.86,80.83,82.5,0.8187706220212698
2024-01-31,82.64,82.65,80.27,80.55,-2.3636363636363678
2024-02-01,80.57,81.55,78.57,78.7,-2.2967101179391602
2024-02-02,79.15,79.44,76.85,77.33,-1.7407878017789091
2024-02-03,,,,,
2024-02-04,,,,,
2024-02-05,77.9,78.33,76.62,77.99,0.8534850640113723
2024-02-06,77.95,79.08,77.63,78.59,0.7693294012052876
2024-02-07,78.7,79.5,78.49,79.21,0.7889044407685342
2024-02-08,79.3,81.9,79.03,81.63,3.055169801792701
2024-02-09,81.72,82.45,81.21,82.19,0.6860222957246087
2024-02-10,,,,,
2024-02-11,,,,,
2024-02-12,81.94,82.19,80.77,82.0,-0.23117167538629912
2024-02-13,82.0,83.24,81.96,82.77,0.9390243902438922
2024-02-14,82.6,83.6,81.39,81.6,-1.413555636100039
2024-02-15,81.42,83.25,80.72,82.86,1.5441176470588402
2024-02-16,82.79,83.66,81.89,83.47,0.736181510982381
2024-02-17,,,,,
2024-02-18,,,,,
2024-02-19,83.28,83.6,82.55,83.56,0.10782317000119779
2024-02-20,83.24,83.63,82.05,82.34,-1.460028721876494
2024-02-21,82.5,83.17,81.66,83.03,0.8379888268156499
2024-02-22,83.2,83.96,82.33,83.67,0.7708057328676299
2024-02-23,82.43,82.54,80.64,80.8,-3.4301422254093494
2024-02-24,,,,,
2024-02-25,,,,,
2024-02-26,80.64,82.14,80.19,81.67,1.0767326732673332
2024-02-27,81.77,82.75,81.25,82.66,1.2121954205950747
2024-02-28,82.35,83.13,81.56,82.15,-0.6169852407452159
2024-02-29,81.83,82.84,81.51,81.91,-0.2921485088253295
2024-03-01,82.07,84.34,81.81,83.55,2.002197533878647
2024-03-02,,,,,
2024-03-03,,,,,
2024-03-04,83.5,84.08,82.57,82.8,-0.8976660682226245
2024-03-05,82.74,83.14,81.72,82.04,-0.9178743961352542
2024-03-06,82.01,84.05,81.85,82.96,1.1214041930765362
2024-03-07,82.92,83.53,82.07,82.96,0.0
2024-03-08,83.18,83.84,81.71,82.08,-1.060752169720347
2024-03-09,,,,,
2024-03-10,,,,,
2024-03-11,82.0,82.75,81.08,82.21,0.15838206627680762
2024-03-12,82.45,83.01,81.69,81.92,-0.3527551392774497
2024-03-13,82.45,84.24,81.96,84.03,2.57568359375
2024-03-14,84.04,85.69,83.98,85.42,1.6541711293585726
2024-03-15,85.15,85.55,84.6,85.34,-0.09365488176070746
2024-03-16,,,,,
2024-03-17,,,,,
2024-03-18,85.32,87.18,85.25,86.89,1.816264354347319
2024-03-19,86.94,87.7,86.48,87.38,0.5639314075267521
2024-03-20,87.15,87.35,85.59,85.95,-1.6365300984206854
2024-03-21,86.24,86.64,85.06,85.78,-0.19778941244910087
2024-03-22,85.12,85.58,84.58,84.83,-1.10748426206575
2024-03-23,,,,,
2024-03-24,,,,,
2024-03-25,84.83,86.51,84.79,86.08,1.4735353059059264
2024-03-26,86.16,86.42,85.19,85.63,-0.5227695167286273
2024-03-27,85.27,85.7,84.58,85.41,-0.2569193039822504
2024-03-28,85.69,87.07,85.5,87.0,1.8616087109237789
2024-03-29,,,,,
2024-03-30,,,,,
2024-03-31,,,,,
2024-04-01,86.98,87.98,86.4,87.81,0.9310344827586192
2024-04-02,87.62,89.32,87.62,88.92,1.2640929279125412
2024-04-03,89.22,89.99,88.67,89.35,0.48358074673864326
2024-04-04,89.48,91.3,88.72,90.65,1.4549524342473585
2024-04-05,91.21,91.91,90.57,91.17,0.5736348593491369
2024-04-06,,,,,
2024-04-07,,,,,
2024-04-08,90.09,91.1,88.78,90.38,-0.8665131073818166
2024-04-09,90.63,90.94,89.25,89.42,-1.0621818986501386
2024-04-10,89.55,90.71,88.83,90.48,1.1854171326325158
2024-04-11,90.52,90.92,89.38,89.74,-0.8178603006189333
2024-04-12,90.13,92.18,90.01,90.45,0.7911745041230267
2024-04-13,,,,,
2024-04-14,,,,,
2024-04-15,90.95,91.05,88.73,90.1,-0.3869541182974112
2024-04-16,90.43,90.84,89.41,90.02,-0.08879023307436507
2024-04-17,90.11,90.17,87.13,87.29,-3.032659409020211
2024-04-18,87.42,87.8,86.09,87.11,-0.20620918776492747
2024-04-19,87.04,90.75,86.19,87.29,0.2066352887154288
2024-04-20,,,,,
2024-04-21,,,,,
2024-04-22,87.07,87.26,85.79,87.0,-0.33222591362126463
2024-04-23,87.2,88.51,86.03,88.42,1.632183908045981
2024-04-24,87.42,87.8,86.66,87.04,-1.5607328658674424
2024-04-25,86.88,88.06,86.23,87.77,0.8386948529411686
2024-04-26,87.99,88.64,87.62,88.21,0.50131024267972
2024-04-27,,,,,
2024-04-28,,,,,
2024-04-29,87.96,88.22,86.95,87.2,-1.1449948985375658
2024-04-30,87.1,87.8,85.45,86.33,-0.9977064220183518
2024-05-01,85.8,85.89,83.29,83.44,-3.347619599212326
2024-05-02,83.59,84.44,83.05,83.67,0.27564717162034125
2024-05-03,83.9,84.39,82.78,82.96,-0.8485717700490114
2024-05-04,,,,,
2024-05-05,,,,,
2024-05-06,82.99,83.83,82.77,83.33,0.44599807135969893
2024-05-07,83.72,83.88,82.41,83.16,-0.20400816032641877
2024-05-08,83.02,83.82,81.71,83.58,0.5050505050504972
2024-05-09,83.79,84.33,83.45,83.88,0.3589375448671994
2024-05-10,84.21,84.53,82.7,82.79,-1.2994754411063347
2024-05-11,,,,,
2024-05-12,,,,,
2024-05-13,82.78,83.84,82.26,83.36,0.6884889479405576
2024-05-14,83.41,83.62,82.1,82.38,-1.1756238003838848
2024-05-15,82.76,83.07,81.05,82.75,0.4491381403253225
2024-05-16,83.03,83.78,82.31,83.27,0.628398791540774
2024-05-17,83.43,84.04,83.08,83.98,0.8526480124894986
2024-05-18,,,,,
2024-05-19,,,,,
2024-05-20,83.98,84.49,83.11,83.71,-0.3215051202667407
2024-05-21,83.75,83.76,82.04,82.88,-0.9915183371162373
2024-05-22,82.58,82.63,81.57,81.9,-1.1824324324324231
2024-05-23,81.59,82.97,80.93,81.36,-0.6593406593406681
2024-05-24,81.4,82.46,80.65,82.12,0.9341199606686335
2024-05-25,,,,,
2024-05-26,,,,,
2024-05-27,81.94,82.96,81.84,82.88,0.9254749147588726
2024-05-28,82.79,84.35,82.76,83.94,1.278957528957525
2024-05-29,84.32,84.72,83.14,83.43,-0.6075768406004212
2024-05-30,83.35,83.58,81.83,81.88,-1.8578448999161057
2024-05-31,81.83,82.69,80.75,81.11,-0.940400586223733
2024-06-01,,,,,
2024-06-02,,,,,
2024-06-03,81.15,81.65,78.09,78.36,-3.3904574035260704
2024-06-04,78.14,78.22,76.76,77.52,-1.071975497702915
2024-06-05,77.29,78.66,77.18,78.41,1.1480908152734726
2024-06-06,78.7,80.08,78.38,79.87,1.862007397015697
2024-06-07,80.05,80.38,79.32,79.62,-0.3130086390384368
2024-06-08,,,,,
2024-06-09,,,,,
2024-06-10,79.38,82.17,79.34,81.63,2.524491333835699
2024-06-11,81.97,82.36,81.19,81.92,0.3552615460002517
2024-06-12,82.08,83.34,81.96,82.6,0.830078125
2024-06-13,82.42,83.05,81.8,82.75,0.1815980629539915
2024-06-14,82.05,83.39,81.92,82.62,-0.15709969788518796
2024-06-15,,,,,
2024-06-16,,,,,
2024-06-17,82.61,84.55,82.1,84.25,1.9728879206003302
2024-06-18,84.31,85.49,83.67,85.33,1.2818991097922838
2024-06-19,85.4,85.84,84.9,85.07,-0.3046994023204075
2024-06-20,85.19,85.96,84.95,85.71,0.7523216174914804
2024-06-21,85.66,86.24,84.84,85.24,-0.5483607513709021
2024-06-22,,,,,
2024-06-23,,,,,
2024-06-24,84.16,85.28,83.89,85.15,-0.10558423275456308
2024-06-25,85.18,85.39,83.94,84.22,-1.0921902524956062
2024-06-26,84.1,85.03,83.72,84.47,0.29684160531939785
2024-06-27,84.27,85.58,84.1,85.26,0.9352432816384537
2024-06-28,85.37,86.18,84.52,85.0,-0.304949566033319
2024-06-29,,,,,
2024-06-30,,,,,
2024-07-01,84.9,86.88,84.85,86.6,1.8823529411764683
2024-07-02,86.71,87.46,86.16,86.24,-0.41570438799075626
2024-07-03,86.44,87.39,85.89,87.34,1.2755102040816535
2024-07-04,87.09,87.59,86.51,87.43,0.10304556904052742
2024-07-05,87.45,87.95,86.49,86.54,-1.0179572229211953
2024-07-06,,,,,
2024-07-07,,,,,
2024-07-08,86.74,86.92,85.56,85.75,-0.9128726600416082
2024-07-09,85.67,85.85,84.53,84.66,-1.2711370262390664
2024-07-10,84.92,85.66,84.0,85.08,0.49610205527994555
2024-07-11,85.45,85.89,84.64,85.4,0.3761165961448043
2024-07-12,85.69,86.35,84.95,85.03,-0.43325526932085356
2024-07-13,,,,,
2024-07-14,,,,,
2024-07-15,85.1,85.37,84.42,84.85,-0.21168999176761627
2024-07-16,84.78,84.86,83.3,83.73,-1.319976428992331
2024-07-17,83.66,85.2,83.43,85.08,1.612325331422415
2024-07-18,85.23,85.81,84.22,85.11,0.03526093088856985
2024-07-19,84.72,85.35,82.56,82.63,-2.9138761602631957
2024-07-20,,,,,
2024-07-21,,,,,
2024-07-22,82.8,83.22,81.6,82.4,-0.27834926782038805
2024-07-23,82.25,82.79,80.51,81.01,-1.6868932038834994
2024-07-24,81.46,82.23,80.93,81.71,0.864090852981092
2024-07-25,80.68,81.56,79.28,81.39,-0.3916289315873178
2024-07-26,81.43,81.72,79.42,80.28,-1.3638039071138919
2024-07-27,,,,,
2024-07-28,,,,,
2024-07-29,80.6,80.86,78.64,79.05,-1.5321375186846065
2024-07-30,78.89,79.21,77.95,78.07,-1.2397216951296697
2024-07-31,78.56,81.59,78.46,80.84,3.5480978608940728
2024-08-01,81.44,81.8,79.43,79.52,-1.6328550222662108
2024-08-02,79.98,80.46,76.42,76.81,-3.407947686116697
2024-08-03,,,,,
2024-08-04,,,,,
2024-08-05,77.61,77.74,75.05,76.3,-0.6639760447858412
2024-08-06,77.45,77.85,75.58,76.48,0.2359108781127217
2024-08-07,76.16,78.87,75.95,78.33,2.4189330543932908
2024-08-08,78.55,79.37,77.63,79.16,1.059619558279068
2024-08-09,79.03,79.83,78.77,79.66,0.6316321374431499
2024-08-10,,,,,
2024-08-11,,,,,
2024-08-12,79.56,82.4,79.46,82.3,3.3140848606578066
2024-08-13,81.88,82.3,80.55,80.69,-1.9562575941676763
2024-08-14,81.0,81.44,79.6,79.76,-1.152559177097523
2024-08-15,79.96,81.43,79.61,81.04,1.6048144433299827
2024-08-16,80.86,81.02,78.62,79.68,-1.6781836130306038
2024-08-17,,,,,
2024-08-18,,,,,
2024-08-19,79.6,79.81,77.48,77.66,-2.5351405622490053
2024-08-20,77.66,78.35,76.55,77.2,-0.5923255215039891
2024-08-21,77.13,78.21,75.65,76.05,-1.4896373056994872
2024-08-22,75.96,77.7,75.77,77.22,1.538461538461533
2024-08-23,77.25,79.27,77.03,79.02,2.3310023310023187
2024-08-24,,,,,
2024-08-25,,,,,
2024-08-26,78.4,80.53,78.31,80.36,1.6957732219691213
2024-08-27,80.16,80.46,78.56,78.66,-2.1154803384768606
2024-08-28,78.93,79.11,77.14,77.58,-1.3729977116704761
2024-08-29,77.47,79.57,77.01,78.82,1.598350090229439
2024-08-30,78.66,79.52,76.7,76.93,-2.3978685612788486
2024-08-31,,,,,
2024-09-01,,,,,
2024-09-02,76.95,77.63,76.21,77.52,0.7669309762121213
2024-09-03,77.16,77.55,73.51,73.75,-4.863261093911242
2024-09-04,73.67,74.8,72.35,72.7,-1.4237288135593218
2024-09-05,72.76,74.2,72.37,72.69,-0.013755158184325378
2024-09-06,72.81,73.53,70.61,71.06,-2.242399229605163
2024-09-07,,,,,
2024-09-08,,,,,
2024-09-09,71.66,72.21,70.65,71.84,1.0976639459611581
2024-09-10,71.92,72.28,68.68,69.19,-3.6887527839643774
2024-09-11,69.68,71.09,69.0,70.61,2.0523196993785353
2024-09-12,70.6,72.87,70.59,71.97,1.9260727942217892
2024-09-13,72.3,73.24,71.46,71.61,-0.5002084201750745
2024-09-14,,,,,
2024-09-15,,,,,
2024-09-16,72.09,73.39,71.52,72.75,1.5919564306661194
2024-09-17,72.91,74.28,72.17,73.7,1.3058419243986208
2024-09-18,73.69,74.1,72.31,73.65,-0.06784260515603213
2024-09-19,73.13,75.18,72.91,74.88,1.6700610997963272
2024-09-20,74.77,75.0,74.0,74.49,-0.520833333333337
2024-09-21,,,,,
2024-09-22,,,,,
2024-09-23,74.71,75.17,73.1,73.9,-0.7920526245133397
2024-09-24,73.43,75.12,73.26,74.47,0.7713125845737467
2024-09-25,74.44,74.67,72.5,72.9,-2.108231502618496
2024-09-26,72.89,73.28,70.25,71.09,-2.4828532235939726
2024-09-27,70.71,72.0,70.44,71.54,0.633000422000296
2024-09-28,,,,,
2024-09-29,,,,,
2024-09-30,71.88,72.79,71.03,71.7,0.2236511042773115
2024-10-01,71.85,75.45,69.91,73.56,2.594142259414234
2024-10-02,74.47,76.14,73.59,73.9,0.4622077215878262
2024-10-03,74.59,77.99,74.31,77.62,5.033829499323406
2024-10-04,77.79,79.3,77.39,78.05,0.5539809327492762
2024-10-05,,,,,
2024-10-06,,,,,
2024-10-07,78.07,81.16,77.23,80.93,3.689942344650876
2024-10-08,80.96,81.14,76.36,77.18,-4.63363400469542
2024-10-09,77.49,78.02,75.15,76.58,-0.7774034724021828
2024-10-10,76.76,79.72,76.72,79.4,3.6824236092974694
2024-10-11,79.14,79.5,78.04,79.04,-0.45340050377833396
2024-10-12,,,,,
2024-10-13,,,,,
2024-10-14,78.55,78.55,74.86,77.46,-1.998987854251033
2024-10-15,75.22,75.57,73.34,74.25,-4.144074360960492
2024-10-16,74.71,74.93,73.42,74.22,-0.040404040404040664
2024-10-17,74.47,74.92,73.26,74.45,0.3098895176502303
2024-10-18,74.59,74.95,72.5,73.06,-1.867024848891874
2024-10-19,,,,,
2024-10-20,,,,,
2024-10-21,73.11,74.57,72.8,74.29,1.6835477689570277
2024-10-22,74.23,76.32,73.57,76.04,2.355633328846407
2024-10-23,75.73,76.05,74.42,74.96,-1.4203051025776126
2024-10-24,75.35,76.54,74.0,74.38,-0.773745997865527
2024-10-25,74.3,75.73,73.81,75.63,1.6805592901317556
2024-10-26,,,,,
2024-10-27,,,,,
2024-10-28,72.36,72.92,70.82,71.0,-6.121909295253203
2024-10-29,71.56,72.11,70.28,70.73,-0.3802816901408379
2024-10-30,70.96,72.74,70.71,72.16,2.0217729393468
2024-10-31,72.51,74.28,71.82,72.81,0.9007760532150799
2024-11-01,74.11,74.94,72.89,73.1,0.3982969372338774
2024-11-02,,,,,
2024-11-03,,,,,
2024-11-04,74.0,75.4,73.88,75.08,2.7086183310533585
2024-11-05,75.0,76.24,74.9,75.53,0.599360681939265
2024-11-06,75.3,75.98,73.34,74.92,-0.8076261088309278
2024-11-07,74.99,76.08,74.02,75.63,0.9476775226908707
2024-11-08,75.55,75.61,73.44,73.87,-2.327118868173994
2024-11-09,,,,,
2024-11-10,,,,,
2024-11-11,73.85,74.13,71.57,71.83,-2.7616082306755163
2024-11-12,71.97,72.82,71.55,71.89,0.08353055826255673
2024-11-13,71.78,72.63,70.72,72.28,0.5424954792043302
2024-11-14,72.12,73.22,71.79,72.56,0.3873824017708971
2024-11-15,72.28,72.49,70.83,71.04,-2.094818081587646
2024-11-16,,,,,
2024-11-17,,,,,
2024-11-18,70.8,73.47,70.7,73.3,3.1813063063062863
2024-11-19,73.15,73.87,72.61,73.31,0.013642564802185397
2024-11-20,73.38,73.94,72.7,72.81,-0.6820351930159618
2024-11-21,73.1,74.4,72.91,74.23,1.9502815547314922
2024-11-22,74.29,75.41,73.43,75.17,1.2663343661592386
2024-11-23,,,,,
2024-11-24,,,,,
2024-11-25,74.8,74.83,72.3,72.48,-3.5785552747106486
2024-11-26,72.28,73.8,71.63,72.32,-0.22075055187639192
2024-11-27,72.38,72.85,71.71,72.3,-0.027654867256632354
2024-11-28,72.3,72.96,71.85,72.78,0.663900414937757
2024-11-29,72.46,73.34,71.75,71.84,-1.291563616378122
2024-11-30,,,,,
2024-12-01,,,,,
2024-12-02,72.0,72.89,71.52,71.83,-0.013919821826291479
2024-12-03,71.93,73.93,71.68,73.62,2.4919949881665238
2024-12-04,73.62,74.28,72.25,72.31,-1.7794077696278165
2024-12-05,72.52,72.92,71.8,72.09,-0.30424560918268506
2024-12-06,72.12,72.19,70.85,71.12,-1.3455402968511554
2024-12-07,,,,,
2024-12-08,,,,,
2024-12-09,70.92,72.65,70.92,72.14,1.434195725534293
2024-12-10,71.94,72.72,71.53,72.19,0.06930967563072432
2024-12-11,72.15,73.75,72.15,73.52,1.8423604377337588
2024-12-12,73.6,74.0,72.42,73.41,-0.14961915125135672
2024-12-13,73.33,74.59,73.3,74.49,1.4711892112791114
2024-12-14,,,,,
2024-12-15,,,,,
2024-12-16,74.6,74.6,73.7,73.91,-0.7786280037588966
2024-12-17,73.91,74.18,72.48,73.19,-0.9741577594371553
2024-12-18,73.26,74.2,72.8,73.39,0.27326137450471855
2024-12-19,72.91,73.86,72.53,72.88,-0.694917563700781
2024-12-20,72.57,73.29,72.0,72.94,0.08232711306257467
2024-12-21,,,,,
2024-12-22,,,,,
2024-12-23,72.51,73.0,71.69,72.32,-0.8500137098985561
2024-12-24,72.64,73.41,72.46,73.17,1.1753318584071026
2024-12-25,,,,,
2024-12-26,73.37,73.75,72.57,72.85,-0.4373377067104056
2024-12-27,72.78,73.93,72.63,73.79,1.2903225806451868
2024-12-28,,,,,
2024-12-29,,,,,
2024-12-30,73.59,74.5,73.35,73.99,0.2710394362379631
2024-12-31,74.25,74.89,73.84,74.64,0.8784970942019354
2025-01-01,,,,,
2025-01-02,74.93,76.55,74.72,75.93,1.728295819935699
2025-01-03,75.98,76.73,75.53,76.51,0.7638614513367559
2025-01-04,,,,,
2025-01-05,,,,,
2025-01-06,76.58,77.5,75.94,76.3,-0.27447392497713663
2025-01-07,76.18,77.3,75.91,77.05,0.9829619921362998
2025-01-08,77.3,77.89,76.04,76.16,-1.1550940947436694
2025-01-09,76.18,77.27,75.68,76.92,0.997899159663862
2025-01-10,77.26,80.75,77.03,79.76,3.692147685907443
2025-01-11,,,,,
2025-01-12,,,,,
2025-01-13,79.76,81.68,79.76,81.01,1.56720160481445
2025-01-14,80.92,81.15,79.87,79.92,-1.3455128996420207
2025-01-15,80.29,82.63,79.62,82.03,2.6401401401401348
2025-01-16,82.42,82.57,80.39,81.29,-0.9021089845178576
2025-01-17,81.44,81.93,80.5,80.79,-0.6150818058801799
2025-01-18,,,,,
2025-01-19,,,,,
2025-01-20,80.98,81.23,79.42,80.15,-0.7921772496596091
2025-01-21,79.78,80.46,78.45,79.29,-1.0729881472239522
2025-01-22,79.39,79.9,78.81,79.0,-0.36574599571195243
2025-01-23,78.85,79.6,77.8,78.29,-0.8987341772151769
2025-01-24,77.86,78.99,77.6,78.5,0.26823349086728676
2025-01-25,,,,,
2025-01-26,,,,,
2025-01-27,77.39,77.96,75.5,76.18,-2.955414012738844
2025-01-28,76.12,77.17,75.9,76.49,0.4069309530060128
2025-01-29,76.55,76.65,75.36,75.61,-1.150477186560328
2025-01-30,75.76,76.6,74.98,75.89,0.3703213860600574
2025-01-31,76.12,76.5,75.16,75.67,-0.28989326657002934
2025-02-01,,,,,
2025-02-02,,,,,
2025-02-03,76.79,77.34,75.04,75.96,0.3832430289414379
2025-02-04,75.4,76.66,74.15,76.2,0.3159557661927437
2025-02-05,76.21,76.34,74.56,74.61,-2.0866141732283516
2025-02-06,74.71,75.4,74.1,74.29,-0.42889693070633506
2025-02-07,74.31,75.12,74.26,74.66,0.4980481895275224
2025-02-08,,,,,
2025-02-09,,,,,
2025-02-10,74.59,76.23,74.51,75.87,1.6206804178944711
2025-02-11,75.94,77.29,75.9,77.0,1.4893897456174976
2025-02-12,76.82,76.91,74.92,75.18,-2.3636363636363567
2025-02-13,74.97,75.37,74.06,75.02,-0.21282255919128357
2025-02-14,75.0,75.85,74.53,74.74,-0.373233804318851
2025-02-15,,,,,
2025-02-16,,,,,
2025-02-17,74.67,75.38,74.19,75.22,0.6422263848006482
2025-02-18,75.27,76.07,74.9,75.84,0.8242488699814032
2025-02-19,75.85,76.84,75.8,76.04,0.2637130801687704
2025-02-20,76.04,77.15,75.72,76.48,0.5786428195686533
2025-02-21,76.66,76.75,74.21,74.43,-2.6804393305439267
2025-02-22,,,,,
2025-02-23,,,,,
2025-02-24,73.76,74.5,73.71,74.31,-0.16122531237404703
2025-02-25,74.26,74.76,72.21,72.5,-2.4357421612165253
2025-02-26,72.63,72.81,71.92,72.07,-0.5931034482758668
2025-02-27,72.26,73.75,72.1,73.57,2.081309837657841
2025-02-28,73.33,73.37,72.32,72.81,-1.0330297675682942
2025-03-01,,,,,
2025-03-02,,,,,
2025-03-03,73.04,73.67,71.17,71.62,-1.6343908803735707
2025-03-04,71.3,71.36,69.75,71.04,-0.8098296565205221
2025-03-05,71.02,71.18,68.33,69.3,-2.4493243243243423
2025-03-06,69.43,69.9,68.74,69.46,0.23088023088022602
2025-03-07,69.43,71.4,69.3,70.36,1.2957097610135415
2025-03-08,,,,,
2025-03-09,,,,,
2025-03-10,69.05,69.78,68.63,69.28,-1.5349630471859
2025-03-11,69.05,70.44,68.63,69.56,0.4041570438799047
2025-03-12,69.95,71.1,69.48,70.95,1.998274870615302
2025-03-13,70.95,71.25,69.66,69.88,-1.5081042988019822
2025-03-14,70.16,70.75,69.93,70.58,1.0017172295363475
2025-03-15,,,,,
2025-03-16,,,,,
2025-03-17,70.7,71.8,70.68,71.07,0.6942476622272542
2025-03-18,70.91,72.19,70.27,70.56,-0.7176023638665985
2025-03-19,70.47,71.25,69.9,70.78,0.31179138321995037
2025-03-20,70.95,72.3,70.53,72.0,1.7236507487990993
2025-03-21,72.39,72.51,71.51,72.16,0.22222222222221255
2025-03-22,,,,,
2025-03-23,,,,,
2025-03-24,72.21,73.17,71.8,73.0,1.164079822616415
2025-03-25,72.45,72.91,71.89,72.39,-0.8356164383561682
2025-03-26,72.64,73.49,72.47,73.06,0.9255422019615933
2025-03-27,73.19,73.37,72.53,73.34,0.3832466465918394
2025-03-28,73.33,73.47,72.35,72.76,-0.790837196618488
2025-03-29,,,,,
2025-03-30,,,,,
2025-03-31,72.94,75.04,72.28,74.77,2.762506871907622
2025-04-01,74.67,75.29,74.33,74.49,-0.37448174401497614
2025-04-02,74.52,75.47,73.1,74.95,0.6175325547053356
2025-04-03,72.7,73.4,69.48,70.14,-6.417611741160778
2025-04-04,70.0,70.11,64.03,65.58,-6.501283147989733
2025-04-05,,,,,
2025-04-06,,,,,
2025-04-07,64.9,67.43,62.51,64.21,-2.0890515401036924
2025-04-08,64.59,65.21,61.34,62.82,-2.1647718423921436
2025-04-09,61.13,66.02,58.4,65.48,4.234320280165549
2025-04-10,65.9,66.08,62.0,63.33,-3.283445326817358
2025-04-11,63.16,65.08,62.77,64.76,2.258013579662088
2025-04-12,,,,,
2025-04-13,,,,,
2025-04-14,65.0,65.9,64.02,64.88,0.18529956763433386
2025-04-15,64.96,65.4,64.21,64.67,-0.3236744759556043
2025-04-16,64.82,66.36,63.79,65.85,1.8246482140095832
2025-04-17,66.25,68.14,65.95,67.96,3.2042520880789738
2025-04-18,,,,,
2025-04-19,,,,,
2025-04-20,,,,,
2025-04-21,67.51,67.72,65.67,66.47,-2.192466156562678
2025-04-22,66.77,68.04,66.54,67.44,1.4593049496013144
2025-04-23,68.0,68.65,65.29,66.12,-1.9572953736654686
2025-04-24,65.13,66.11,64.91,65.65,-0.7108287961282489
2025-04-25,65.68,66.19,64.65,65.8,0.22848438690021844
2025-04-26,,,,,
2025-04-27,,,,,
2025-04-28,66.18,66.5,64.23,64.79,-1.5349544072948196
2025-04-29,64.76,64.81,62.93,63.28,-2.330606575088756
2025-04-30,63.16,63.34,60.76,61.06,-3.508217446270545
2025-05-01,61.23,62.4,59.3,62.13,1.752374713396665
2025-05-02,61.82,62.72,60.69,61.29,-1.3520038628681896
2025-05-03,,,,,
2025-05-04,,,,,
2025-05-05,59.5,60.82,58.5,60.23,-1.7294827867515128
2025-05-06,60.28,62.8,60.18,62.15,3.187780175992039
2025-05-07,62.5,63.25,60.83,61.12,-1.6572807723250205
2025-05-08,61.06,63.38,61.0,62.84,2.814136125654465
2025-05-09,63.07,64.27,62.84,63.91,1.702737110120922
2025-05-10,,,,,
2025-05-11,,,,,
2025-05-12,64.05,66.4,63.88,64.96,1.6429353778751432
2025-05-13,64.93,66.81,64.63,66.63,2.570812807881784
2025-05-14,66.56,66.59,65.68,66.09,-0.8104457451598268
2025-05-15,65.42,65.42,63.44,64.53,-2.360417612346799
2025-05-16,64.7,65.54,64.18,65.41,1.3637068030373456
2025-05-17,,,,,
2025-05-18,,,,,
2025-05-19,65.42,66.01,64.43,65.54,0.19874636905672372
2025-05-20,65.61,66.0,64.85,65.38,-0.24412572474825645
2025-05-21,66.25,66.63,64.58,64.91,-0.7188742734781317
2025-05-22,64.66,65.03,63.54,64.44,-0.7240794946849483
2025-05-23,64.02,65.25,63.32,64.78,0.527622594661703
2025-05-24,,,,,
2025-05-25,,,,,
2025-05-26,64.42,64.81,63.89,64.12,-1.0188329731398493
2025-05-27,64.12,64.49,62.96,63.57,-0.8577666874610146
2025-05-28,63.86,65.05,63.51,64.32,1.179801793298707
2025-05-29,64.6,65.5,63.11,63.35,-1.5080845771144102
2025-05-30,63.27,64.09,62.09,62.78,-0.8997632202052075
2025-05-31,,,,,
2025-06-01,,,,,
2025-06-02,63.2,65.76,63.0,64.63,2.946798343421464
2025-06-03,65.16,65.95,64.51,65.63,1.547269070091284
2025-06-04,65.52,65.95,64.27,64.86,-1.1732439433186026
2025-06-05,64.77,65.85,64.6,65.34,0.7400555041628287
2025-06-06,65.26,66.67,64.8,66.47,1.7294153657789968
2025-06-07,,,,,
2025-06-08,,,,,
2025-06-09,66.59,67.19,66.07,67.04,0.8575297126523385
2025-06-10,67.12,68.0,66.48,66.87,-0.2535799522673021
2025-06-11,66.6,70.83,66.47,69.77,4.336772842829362
2025-06-12,70.23,70.4,68.36,69.36,-0.5876451196789367
2025-06-13,70.5,78.5,70.41,74.23,7.0213379469434845
2025-06-14,,,,,
2025-06-15,,,,,
2025-06-16,78.31,78.32,70.56,73.23,-1.3471642193183309
2025-06-17,74.16,77.33,72.66,76.45,4.397105011607261
2025-06-18,76.88,77.44,74.41,76.7,0.3270111183780289
2025-06-19,76.5,79.04,75.67,78.85,2.8031290743155024
2025-06-20,77.5,77.67,75.51,77.01,-2.3335447051363256
2025-06-21,,,,,
2025-06-22,,,,,
2025-06-23,80.29,81.4,69.54,71.48,-7.180885599272823
2025-06-24,68.12,69.37,65.93,66.17,-7.428651371012873
2025-06-25,66.9,67.51,66.2,66.43,0.39292730844795454
2025-06-26,66.56,67.77,66.22,66.69,0.3913894324853118
2025-06-27,66.82,67.31,66.12,66.8,0.16494227020542596
2025-06-28,,,,,
2025-06-29,,,,,
2025-06-30,66.48,67.2,65.92,66.74,-0.08982035928144505
2025-07-01,66.58,67.5,66.34,67.11,0.5543901708121135
2025-07-02,67.11,69.21,66.94,69.11,2.9801817910892536
2025-07-03,68.86,69.14,68.32,68.8,-0.4485602662422261
2025-07-04,68.85,68.89,67.75,68.3,-0.7267441860465129
2025-07-05,,,,,
2025-07-06,,,,,
2025-07-07,67.64,69.94,67.22,69.58,1.874084919472918
2025-07-08,69.5,70.68,69.03,70.15,0.8192009198045413
2025-07-09,69.92,70.71,69.61,70.19,0.05702066999286881
2025-07-10,70.06,70.48,68.54,68.64,-2.208291779455762
2025-07-11,68.84,70.71,68.55,70.36,2.505827505827507
2025-07-12,,,,,
2025-07-13,,,,,
2025-07-14,70.5,71.53,69.02,69.21,-1.6344513928368443
2025-07-15,69.15,69.41,68.6,68.71,-0.7224389539083997
2025-07-16,68.98,69.09,67.71,68.52,-0.2765245233590452
2025-07-17,68.79,69.67,68.27,69.52,1.4594279042615232
2025-07-18,69.55,70.77,69.14,69.28,-0.345224395857302
2025-07-19,,,,,
2025-07-20,,,,,
2025-07-21,69.21,69.63,68.43,69.21,-0.10103926096999283
2025-07-22,69.08,69.12,68.12,68.59,-0.895824302846393
2025-07-23,68.92,69.1,68.0,68.51,-0.11663507799970496
2025-07-24,68.74,69.54,68.49,69.18,0.9779594219821997
2025-07-25,68.55,68.98,67.5,67.66,-2.1971668112171328
2025-07-26,,,,,
2025-07-27,,,,,
2025-07-28,67.7,69.7,67.55,69.32,2.4534436890333966
2025-07-29,69.55,72.21,69.18,71.68,3.4045008655510856
2025-07-30,71.7,72.83,70.92,72.47,1.1021205357142794
2025-07-31,72.78,72.82,71.0,71.7,-1.062508624258307
2025-08-01,71.83,72.0,69.4,69.67,-2.8312412831241307
2025-08-02,,,,,
2025-08-03,,,,,
2025-08-04,69.11,69.98,68.0,68.76,-1.3061576001148212
2025-08-05,68.75,68.87,67.52,67.64,-1.628853984874934
2025-08-06,67.75,69.18,66.22,66.89,-1.1088113542282674
2025-08-07,66.88,67.68,66.27,66.43,-0.6876962176707968
2025-08-08,66.42,67.22,65.53,66.59,0.24085503537558672
2025-08-09,,,,,
2025-08-10,,,,,
2025-08-11,66.25,67.13,65.81,66.63,0.060069079441338324
2025-08-12,66.8,67.06,65.98,66.12,-0.7654209815398327
2025-08-13,66.14,66.33,65.01,65.63,-0.74107683000606
2025-08-14,65.76,66.99,65.55,66.84,1.8436690537863898
2025-08-15,66.87,67.06,65.73,65.85,-1.4811490125673399
2025-08-16,,,,,
2025-08-17,,,,,
2025-08-18,65.85,66.82,65.3,66.6,1.1389521640091216
2025-08-19,66.57,66.58,65.61,65.79,-1.2162162162162038
2025-08-20,66.05,67.1,65.81,66.84,1.5959872321021473
2025-08-21,66.98,67.8,66.74,67.67,1.2417713943746245
2025-08-22,67.59,68.0,67.42,67.73,0.08866558297622174
2025-08-23,,,,,
2025-08-24,,,,,
2025-08-25,67.39,68.49,67.04,68.22,0.7234608002362197
2025-08-26,68.14,68.16,66.6,66.7,-2.2280856053943032
2025-08-27,66.85,67.51,66.37,67.44,1.1094452773613206
2025-08-28,67.15,68.06,66.81,67.98,0.8007117437722533
2025-08-29,67.59,67.94,67.29,67.48,-0.7355104442483107
2025-08-30,,,,,
2025-08-31,,,,,
2025-09-01,67.42,68.36,67.12,68.15,0.9928867812685205
2025-09-02,68.19,69.53,68.05,69.14,1.452677916360967
2025-09-03,69.1,69.24,67.36,67.6,-2.2273647671391505
2025-09-04,67.41,67.41,66.35,66.99,-0.902366863905324
2025-09-05,66.82,67.05,65.07,65.5,-2.2242125690401515
2025-09-06,,,,,
2025-09-07,,,,,
2025-09-08,65.55,67.04,65.51,66.02,0.7938931297709839
2025-09-09,66.23,67.38,66.12,66.39,0.5604362314450162
2025-09-10,66.69,67.78,66.66,67.49,1.6568760355475165
2025-09-11,67.58,67.62,66.15,66.37,-1.659505111868409
2025-09-12,66.24,68.17,65.71,66.99,0.9341569986439424
2025-09-13,,,,,
2025-09-14,,,,,
2025-09-15,67.33,67.85,66.78,67.44,0.6717420510524041
2025-09-16,67.47,68.69,67.01,68.47,1.5272835112692729
2025-09-17,68.53,68.59,67.62,67.95,-0.7594566963633698
2025-09-18,68.0,68.42,67.19,67.44,-0.7505518763797014
2025-09-19,67.46,67.57,66.44,66.68,-1.1269276393831462
2025-09-20,,,,,
2025-09-21,,,,,
2025-09-22,66.62,67.31,65.94,66.57,-0.1649670065987041
2025-09-23,66.59,68.09,66.1,67.63,1.592308847829349
2025-09-24,67.17,68.51,66.79,68.46,1.2272660062102592
2025-09-25,68.25,68.83,67.67,68.58,0.17528483786153348
2025-09-26,68.75,69.87,68.28,69.22,0.9332166812481724
2025-09-27,,,,,
2025-09-28,,,,,
2025-09-29,68.65,68.95,66.68,67.09,-3.0771453337185672
2025-09-30,66.74,66.84,65.64,66.03,-1.5799672082277616
2025-10-01,66.18,66.57,65.05,65.35,-1.0298349235196236
2025-10-02,65.45,66.15,64.0,64.11,-1.8974751338944107
2025-10-03,64.38,65.02,64.2,64.53,0.6551240056153596
2025-10-04,,,,,
2025-10-05,,,,,
2025-10-06,64.9,65.77,64.76,65.47,1.4566868123353505
2025-10-07,65.48,65.84,64.53,65.45,-0.030548342752401147
2025-10-08,65.8,66.54,65.76,66.25,1.2223071046600475
2025-10-09,65.82,66.58,64.96,65.22,-1.554716981132076
2025-10-10,65.27,65.36,62.0,62.73,-3.8178472861085555
2025-10-11,,,,,
2025-10-12,,,,,
2025-10-13,62.9,63.95,62.9,63.32,0.9405388171528806
2025-10-14,63.49,63.63,61.5,62.39,-1.4687302590018936
2025-10-15,62.33,63.04,61.79,61.91,-0.7693540631511508
2025-10-16,62.4,62.75,60.84,61.06,-1.3729607494750384
2025-10-17,61.0,61.47,60.14,61.29,0.3766786767114283
2025-10-18,,,,,
2025-10-19,,,,,
2025-10-20,61.25,61.55,60.07,61.01,-0.4568445097079432
2025-10-21,60.9,62.1,60.35,61.32,0.5081134240288554
2025-10-22,61.61,64.5,61.38,62.59,2.071102413568182
2025-10-23,64.35,66.36,63.86,65.99,5.4321776641635955
2025-10-24,65.83,66.78,65.41,65.94,-0.07576905591756278
2025-10-25,,,,,
2025-10-26,,,,,
2025-10-27,65.35,65.89,64.32,64.9,-1.5771913861085674
2025-10-28,64.88,65.01,63.43,63.83,-1.6486902927581037
2025-10-29,63.9,64.7,63.38,64.32,0.7676641077863033
2025-10-30,64.07,64.54,63.47,64.37,0.07773631840797268
2025-10-31,64.05,65.15,63.81,64.77,0.6214074879602238
2025-11-01,,,,,
2025-11-02,,,,,
2025-11-03,65.12,65.32,64.33,64.89,0.18527095877722832
2025-11-04,64.73,64.8,63.82,64.44,-0.6934812760055475
2025-11-05,64.18,64.95,63.44,63.52,-1.4276846679081245
2025-11-06,63.58,64.34,62.84,63.38,-0.22040302267002376
2025-11-07,63.63,64.39,63.23,63.63,0.39444619753865595
2025-11-08,,,,,
2025-11-09,,,,,
2025-11-10,63.8,64.34,63.32,64.06,0.6757818639006707
2025-11-11,63.94,65.31,63.6,65.16,1.7171401810802234
2025-11-12,65.15,65.15,62.56,62.71,-3.7599754450583167
2025-11-13,62.56,63.45,62.34,63.01,0.4783926008611106
2025-11-14,63.36,64.87,63.36,64.39,2.1901285510236512
2025-11-15,,,,,
2025-11-16,,,,,
2025-11-17,64.03,64.72,63.67,64.2,-0.2950768752911892
2025-11-18,64.01,65.1,63.62,64.89,1.0747663551401887
2025-11-19,64.73,64.85,62.86,63.51,-2.1266759130836865
2025-11-20,63.74,64.4,62.94,63.38,-0.20469217446070775
2025-11-21,62.99,63.1,61.87,62.56,-1.293783527926795
2025-11-22,,,,,
2025-11-23,,,,,
2025-11-24,61.9,62.92,61.34,62.72,0.2557544757033181
2025-11-25,62.72,62.73,60.96,61.8,-1.466836734693877
2025-11-26,61.94,62.6,61.53,62.54,1.1974110032362484
2025-11-27,62.44,62.96,62.14,62.87,0.5276622961304822
2025-11-28,62.88,63.39,62.12,62.38,-0.7793860346747228
2025-11-29,,,,,
2025-11-30,,,,,
2025-12-01,62.69,63.82,62.69,63.17,1.2664315485732658
2025-12-02,63.33,63.35,62.17,62.45,-1.1397815418711432
2025-12-03,62.56,63.37,62.18,62.67,0.35228182546036546
2025-12-04,62.72,63.62,62.53,63.26,0.9414392851444076
2025-12-05,63.26,64.09,63.06,63.75,0.7745810938982078
2025-12-06,,,,,
2025-12-07,,,,,
2025-12-08,63.75,63.96,62.34,62.49,-1.9764705882352906
2025-12-09,62.54,62.78,61.83,61.94,-0.8801408225316165
2025-12-10,62.11,62.73,61.35,62.21,0.4359057152082624
2025-12-11,62.42,62.63,60.77,61.28,-1.4949365053849806
2025-12-12,61.6,61.86,60.81,61.12,-0.26109660574412663
2025-12-13,,,,,
2025-12-14,,,,,
2025-12-15,61.09,61.5,60.13,60.56,-0.9162303664921434
2025-12-16,60.39,60.4,58.72,58.92,-2.708058124174373
2025-12-17,59.3,60.74,59.25,59.68,1.2898845892735933
2025-12-18,60.61,60.67,59.54,59.82,0.23458445040214215
2025-12-19,59.72,60.65,59.4,60.47,1.0865931126713413
2025-12-20,,,,,
2025-12-21,,,,,
2025-12-22,60.6,62.17,60.53,62.07,2.645940135604441
2025-12-23,61.44,62.03,61.28,61.87,-0.3222168519413593
2025-12-24,61.97,62.22,61.55,61.8,-0.11314045579440268
2025-12-25,,,,,
2025-12-26,61.9,62.26,60.16,60.24,-2.5242718446601864
2025-12-27,,,,,
2025-12-28,,,,,
2025-12-29,60.62,61.72,60.43,61.49,2.0750332005312178
2025-12-30,61.2,61.88,60.95,61.33,-0.26020491136771184
2025-12-31,61.33,61.92,60.63,60.85,-0.7826512310451617
2026-01-01,,,,,
2026-01-02,60.86,61.38,60.01,60.75,-0.16433853738702098
2026-01-03,,,,,
2026-01-04,,,,,
2026-01-05,60.99,61.89,59.75,61.76,1.6625514403292074
2026-01-06,61.7,62.33,60.4,60.7,-1.716321243523311
2026-01-07,60.1,60.93,59.81,59.96,-1.2191103789126911
2026-01-08,60.29,63.02,59.96,61.99,3.3855903935957388
2026-01-09,62.6,63.92,61.83,63.34,2.177770608162599
2026-01-10,,,,,
2026-01-11,,,,,
2026-01-12,63.34,64.34,62.76,63.87,0.8367540258920059
2026-01-13,64.11,65.92,63.84,65.47,2.505088460936289
2026-01-14,65.44,66.82,63.45,66.52,1.6037879945012934
2026-01-15,65.35,65.36,63.27,63.76,-4.149128081779918
2026-01-16,63.74,64.77,63.44,64.13,0.5803011292346172
2026-01-17,,,,,
2026-01-18,,,,,
2026-01-19,63.63,64.39,63.26,63.94,-0.29627319507250505
2026-01-20,64.15,65.15,63.38,64.92,1.5326868939630867
2026-01-21,64.12,65.45,63.61,65.24,0.49291435613061374
2026-01-22,65.15,65.38,63.56,64.06,-1.8087063151440708
2026-01-23,64.38,66.3,64.29,65.88,2.841086481423649
2026-01-24,,,,,
2026-01-25,,,,,
2026-01-26,65.27,65.72,64.48,64.77,-1.6848816029143898
2026-01-27,64.95,66.78,64.2,66.59,2.8099428747877297
2026-01-28,66.62,67.71,66.14,67.37,1.1713470491064637
2026-01-29,67.7,70.58,67.53,69.59,3.295235267923413
2026-01-30,69.51,70.21,67.79,69.32,-0.38798677970974804
2026-01-31,,,,,
2026-02-01,,,,,
2026-02-02,68.6,68.83,65.45,66.3,-4.356607039815341
2026-02-03,66.06,68.27,65.19,67.33,1.5535444947209598
2026-02-04,67.89,69.76,66.98,69.46,3.1635229466805193
2026-02-05,68.52,68.95,66.89,67.55,-2.7497840483731606
2026-02-06,67.2,68.83,66.56,68.05,0.7401924500370027
2026-02-07,,,,,
2026-02-08,,,,,
2026-02-09,67.25,69.45,67.02,69.04,1.4548126377663673
2026-02-10,69.04,69.49,68.44,68.8,-0.34762456546930665
2026-02-11,69.1,70.72,69.0,69.4,0.8720930232558155
2026-02-12,69.68,69.85,67.09,67.52,-2.708933717579265
2026-02-13,67.58,68.05,66.89,67.75,0.34063981042653513
2026-02-14,,,,,
2026-02-15,,,,,
2026-02-16,68.13,68.76,67.32,68.65,1.3284132841328455
2026-02-17,68.54,69.04,66.82,67.42,-1.7916970138383115
2026-02-18,67.39,70.7,67.36,70.35,4.345891426876292
2026-02-19,70.33,72.12,70.19,71.66,1.862117981520961
2026-02-20,71.72,72.34,71.06,71.76,0.13954786491767734
2026-02-21,,,,,
2026-02-22,,,,,
2026-02-23,70.8,72.04,70.28,71.11,-0.9057971014492794
2026-02-24,71.12,71.9,70.51,70.58,-0.7453241456897741
2026-02-25,71.05,71.6,70.26,70.69,0.15585151601020808
2026-02-26,71.01,72.36,69.16,70.84,0.21219408685813068
2026-02-27,70.78,73.54,70.42,72.87,2.8656126482213384
2026-02-28,,,,,
2026-03-01,,,,,
2026-03-02,81.57,82.37,75.75,77.74,6.6831343488403805
2026-03-03,79.0,85.12,78.38,81.4,4.708001029071274
2026-03-04,82.0,84.48,80.3,81.4,0.0
2026-03-05,82.24,86.28,81.5,85.41,4.926289926289917
2026-03-06,83.54,94.64,83.16,92.69,8.52359208523592
2026-03-07,,,,,
2026-03-08,,,,,
2026-03-09,99.75,119.5,83.66,98.96,6.7644837630812304
2026-03-10,92.49,95.04,81.16,87.8,-11.277283751010502
2026-03-11,90.4,93.8,86.24,91.98,4.76082004555809
2026-03-12,96.84,101.85,95.2,100.46,9.219395520765383
2026-03-13,101.68,103.95,97.6,103.14,2.667728449133988
2026-03-14,,,,,
2026-03-15,,,,,
2026-03-16,106.5,106.5,99.54,100.21,-2.8407989140973533
2026-03-17,101.44,104.98,100.86,103.42,3.2032731264344916
2026-03-18,103.66,111.9,100.34,107.38,3.8290466060723283
2026-03-19,109.78,119.13,103.76,108.65,1.1827155894952535
2026-03-20,107.17,113.11,105.05,112.19,3.258168430740893
2026-03-21,,,,,
2026-03-22,,,,,
2026-03-23,113.76,114.43,96.0,99.94,-10.91897673589447
2026-03-24,100.88,105.0,98.15,104.49,4.552731638983398
2026-03-25,96.6,98.42,93.45,97.26,-6.919322423198382
2026-03-26,97.93,102.49,97.11,101.89,4.760435944889974
2026-03-27,100.64,106.95,99.01,105.32,3.366375502993413
2026-03-28,,,,,
2026-03-29,,,,,
2026-03-30,107.75,109.46,106.1,107.39,1.9654386631219323
2026-03-31,109.25,109.99,102.65,103.97,-3.1846540646242705
2026-04-01,103.63,105.94,98.35,101.16,-2.7027027027027084
2026-04-02,100.7,109.74,99.08,109.03,7.7797548438117925
2026-04-03,,,,,
2026-04-04,,,,,
2026-04-05,,,,,
2026-04-06,110.0,111.89,106.85,109.77,0.6787122810235635
2026-04-07,110.25,111.8,102.71,109.27,-0.4554978591600589
2026-04-08,95.0,97.22,90.4,94.75,-13.28818522924865
2026-04-09,97.1,99.5,94.22,95.92,1.2348284960422173
2026-04-10,96.6,98.26,94.2,95.2,-0.7506255212677226
2026-04-11,,,,,
2026-04-12,,,,,
2026-04-13,100.94,103.87,97.59,99.36,4.3697478991596705
2026-04-14,97.5,99.45,94.42,94.79,-4.5994363929146465
2026-04-15,94.33,96.9,93.93,94.93,0.14769490452579692
2026-04-16,94.62,99.8,94.43,99.39,4.6981986727062
2026-04-17,98.45,98.98,86.09,90.38,-9.06529831975048
2026-04-18,,,,,
2026-04-19,,,,,
2026-04-20,96.12,97.5,92.75,95.48,5.642841336578908
2026-04-21,94.48,101.15,93.86,98.48,3.1420192710515327
2026-04-22,99.35,102.31,96.54,101.91,3.482940698619008
2026-04-23,101.73,107.4,101.25,105.07,3.100775193798455
2026-04-24,100.35,101.34,97.58,99.13,-5.653373941182071
2026-04-25,,,,,
2026-04-26,,,,,
2026-04-27,100.95,102.63,99.58,101.69,2.582467466962579
2026-04-28,101.85,105.83,101.61,104.4,2.6649621398367573
2026-04-29,103.9,113.81,103.3,110.44,5.7854406130268154
2026-04-30,111.59,114.7,107.07,110.4,-0.03621876131835178
2026-05-01,111.34,112.45,106.23,108.17,-2.0199275362318914
2026-05-02,,,,,
2026-05-03,,,,,
2026-05-04,106.6,115.3,105.55,114.44,5.796431542941671
2026-05-05,114.03,114.44,109.6,109.87,-3.9933589653967094
2026-05-06,107.92,109.02,96.75,101.27,-7.8274324201328955
2026-05-07,101.92,103.88,96.03,100.06,-1.194825713439318
2026-05-08,102.52,102.92,99.55,101.29,1.2292624425344734
2026-05-09,,,,,
2026-05-10,,,,,
2026-05-11,104.0,105.99,102.81,104.21,2.8828117286997523
2026-05-12,104.23,108.45,104.23,107.77,3.4161788695902473
2026-05-13,107.56,108.28,105.31,105.63,-1.985710308991373
2026-05-14,105.78,107.13,103.88,105.72,0.08520306731043537
2026-05-15,106.58,109.75,106.26,109.26,3.348467650397291
2026-05-16,,,,,
2026-05-17,,,,,
2026-05-18,109.75,112.72,106.87,112.1,2.5993044114954955
2026-05-19,109.1,111.79,109.01,111.28,-0.7314897413024046
2026-05-20,110.99,111.49,103.24,105.02,-5.625449317038111
2026-05-21,105.25,109.3,102.17,102.58,-2.323366977718533
2026-05-22,104.62,106.36,101.34,103.54,0.9358549424839158
2026-05-23,,,,,
2026-05-24,,,,,
2026-05-25,97.5,97.72,93.21,93.42,-9.774000386324133
2026-05-26,94.4,97.81,94.36,96.67,3.4789124384500214
2026-05-27,96.37,96.45,91.75,92.25,-4.572256129098995
2026-05-28,93.8,95.98,93.45,94.67,2.623306233062328
